{
    "flower": "tag:botania:mystical_flowers",
    "creator": "Ridanisaurus Rid & TemperedFool",
    "lore": "Although Alfheim posesses many of these creatures, they lack\nMana Bees. They are willing to trade accordingly.",
    "loreColor": "#00AAAA",
    "maxTimeInHive": 4800,
    "hasHoneycomb": true,
    "traits": ["can_swim"],
    "baseLayerTexture": "other/elven",
    "ColorData": {
        "honeycombColor": "#ff66cc"
    },
    "CombatData": {
        "isPassive": false,
        "removeStingerOnAttack": false,
        "inflictsPoison": true,
        "attackDamage": 1
    },
    "MutationData": {"hasMutation": false},
    "CentrifugeData": {"hasCentrifugeOutput": false},
    "SpawnData": {
        "canSpawnInWorld": true,
        "biomeWhitelist": "mythicbotany:alfheim_hills,mythicbotany:alfheim_lakes,mythicbotany:alfheim_plains,mythicbotany:dreamwood_forest,mythicbotany:golden_fields",
        "biomeBlacklist": "tag:OCEAN,OVERWORLD,NETHER,END",
        "minGroupSize": 2,
        "maxGroupSize": 3,
        "spawnWeight": 12,
        "minYLevel": 12,
        "maxYLevel": 75,
        "lightLevel": "ANY"
    },
    "BreedData": {"isBreedable": false},
    "TraitData": {"hasTraits": true}
}
