{
    "biomes": [
        [
            {
                "type": "BIOME_DICT",
                "negate": false,
                "value": "end"
            },
            {
                "type": "REGISTRY_NAME",
                "negate": true,
                "value": "minecraft:the_end"
            },
            {
                "type": "REGISTRY_NAME",
                "negate": true,
                "value": "minecraft:end_barrens"
            },
            {
                "type": "REGISTRY_NAME",
                "negate": true,
                "value": "minecraft:end_highlands"
            },
            {
                "type": "REGISTRY_NAME",
                "negate": true,
                "value": "minecraft:small_end_islands"
            }
        ]
    ]
}
