{
    "flower": "ALL",
    "lore": "Tier 3:\nWithin the heart of many metal blocks lies an Alloy Bee\negg; the proper bee can mutate the block, releasing it.",
    "loreColor": "#00AAAA",
    "maxTimeInHive": 3600,
    "sizeModifier": 0.75,
    "hasHoneycomb": true,
    "traits": ["can_swim"],
    "baseLayerTexture": "metals/steel",
    "ColorData": {
        "honeycombColor": "#858585",
        "isBeeColored": false,
        "isRainbowBee": false,
        "isGlowing": false,
        "isEnchanted": false
    },
    "CombatData": {
        "isPassive": false,
        "removeStingerOnAttack": false,
        "inflictsPoison": true,
        "attackDamage": 1
    },
    "MutationData": {
        "hasMutation": true,
        "mutationCount": 4,
        "mutations": [
            {
                "type": "BLOCK",
                "inputID": "tag:forge:storage_blocks/coal",
                "outputs": [{ "outputID": "emendatusenigmatica:steel_block", "weight": 10 }]
            }
        ]
    },
    "CentrifugeData": {
        "hasCentrifugeOutput": true,

        "mainOutput": "emendatusenigmatica:steel_dust",
        "mainOutputWeight": 0.5,
        "mainOutputCount": 1,

        "secondaryOutput": "minecraft:iron_nugget",
        "secondaryOutputWeight": 0.1,
        "secondaryOutputCount": 3,

        "bottleOutput": "resourcefulbees:steel_honey_bottle",
        "bottleOutputWeight": 0.02,
        "bottleOutputCount": 1,

        "mainInputCount": 1
    },
    "SpawnData": {
        "canSpawnInWorld": false
    },
    "BreedData": {
        "isBreedable": true,
        "feedItem": "tag:forge:storage_blocks/steel",
        "feedAmount": 1,
        "childGrowthDelay": -24000,
        "breedDelay": 6000
    },
    "TraitData": {
        "hasTraits": true
    }
}
