{
    "flower": "ALL",
    "lore": "Tier 2:\nDeep down, Coal just wants to be blue. Wash it with\nWater and you'll find Lapis inside.",
    "loreColor": "#00AAAA",
    "maxTimeInHive": 4800,
    "sizeModifier": 1,
    "hasHoneycomb": true,
    "traits": ["sedimentary", "can_swim"],
    "baseLayerTexture": "ores/lapis/lapis_bee",
    "ColorData": {
        "honeycombColor": "#345ec3",
        "isBeeColored": false,
        "isRainbowBee": false,
        "isGlowing": false,
        "isEnchanted": false,
        "modelType": "ORE"
    },
    "CombatData": {
        "isPassive": false,
        "removeStingerOnAttack": false,
        "inflictsPoison": true,
        "attackDamage": 1
    },
    "MutationData": {
        "hasMutation": true,
        "mutationCount": 4,
        "mutations" : [
          {
            "type": "BLOCK",
            "inputID": "minecraft:cobblestone",
            "outputs": [
              {"outputID": "emendatusenigmatica:lapis_ore", "weight": 10}
            ]
          }
        ]
    },
    "CentrifugeData": {
        "hasCentrifugeOutput": true,

        "mainOutput": "emendatusenigmatica:lapis_chunk",
        "mainOutputWeight": 0.5,
        "mainOutputCount": 1,

        "secondaryOutput": "emendatusenigmatica:apatite_chunk",
        "secondaryOutputWeight": 0.25,
        "secondaryOutputCount": 1,

        "bottleOutput": "resourcefulbees:lapis_honey_bottle",
        "bottleOutputWeight": 0.02,
        "bottleOutputCount": 1,

        "mainInputCount": 1
    },
    "SpawnData": {
        "canSpawnInWorld": false
    },
    "BreedData": {
        "isBreedable": true,
        "parent1": "water",
        "parent2": "coal",
        "feedItem": "tag:forge:storage_blocks/lapis",
        "feedAmount": 1,
        "childGrowthDelay": -24000,
        "breedDelay": 6000
    },
    "TraitData": {
        "hasTraits": true
    }
}
